{
  "datasets": [
    {
      "correct_non_match_percentage": 99.89526358664028,
      "correct_non_matches": 8584,
      "dataset": "sd300b",
      "failures": 0,
      "false_match_percentage": 0.10473641335971139,
      "false_matches": 9,
      "max_score": 251.13082109163983,
      "mean_method_compare_ms": 3.146589735831491,
      "mean_score": 2.0601106347567812,
      "mean_total_ms": 198.79608611660652,
      "median_method_compare_ms": 2.2488,
      "median_score": 0.8293105769943276,
      "median_total_ms": 190.0571,
      "min_score": 0.0,
      "p95_method_compare_ms": 7.892,
      "p95_total_ms": 280.3167,
      "positive_below_threshold": 5882,
      "score_zero": 2702,
      "status_ok": 8593,
      "threshold": 40.0,
      "total_wrong_pairs": 8593
    },
    {
      "correct_non_match_percentage": 99.88390991409334,
      "correct_non_matches": 8604,
      "dataset": "sd300c",
      "failures": 0,
      "false_match_percentage": 0.11609008590666357,
      "false_matches": 10,
      "max_score": 195.28257500049392,
      "mean_method_compare_ms": 3.116608532621314,
      "mean_score": 2.078215447876938,
      "mean_total_ms": 402.84213999303455,
      "median_method_compare_ms": 2.31325,
      "median_score": 0.8335150812316428,
      "median_total_ms": 388.6251,
      "min_score": 0.0,
      "p95_method_compare_ms": 7.6764,
      "p95_total_ms": 534.5923,
      "positive_below_threshold": 5896,
      "score_zero": 2708,
      "status_ok": 8614,
      "threshold": 40.0,
      "total_wrong_pairs": 8614
    }
  ],
  "decision_rule": "match iff status == ok and raw_score >= 40; non_match iff status == ok and raw_score < 40",
  "schema_version": "sourceafis-next-subject-result-summary-v1",
  "threshold": 40.0
}
