{
  "datasets": {
    "sd300b": {
      "accepted_count": 4048,
      "accepted_percentage": 46.120542326535265,
      "candidate_matches_mean": 12.877748661273785,
      "candidate_matches_median": 6.0,
      "compare_ms_mean": 18.779509080551442,
      "compare_ms_median": 17.4557,
      "compare_ms_p95": 28.2163,
      "dataset": "sd300b",
      "failure_count": 0,
      "failure_counts_by_stage": {},
      "geometric_inliers_mean": 5.586646918081349,
      "geometric_inliers_median": 3.0,
      "geometric_model_failure_count": 2231,
      "keypoints_a_mean": 2754.8611142759487,
      "keypoints_a_median": 3000.0,
      "keypoints_b_mean": 2992.014355702404,
      "keypoints_b_median": 3000.0,
      "method_compare_ms_mean": 18.771009513501195,
      "method_compare_ms_median": 17.4484,
      "method_compare_ms_p95": 28.209,
      "prepare_a_ms_mean": 80.40047014925372,
      "prepare_a_ms_median": 68.3741,
      "prepare_a_ms_p95": 152.0833,
      "prepare_b_ms_mean": 217.17040004557364,
      "prepare_b_ms_median": 215.3324,
      "prepare_b_ms_p95": 261.6098,
      "raw_score_max": 100.0,
      "raw_score_mean": 5.586646918081349,
      "raw_score_median": 3.0,
      "raw_score_min": 0.0,
      "rejected_count": 4729,
      "rejected_percentage": 53.879457673464735,
      "status_ok": 8777,
      "threshold": 4.0,
      "total_ms_mean": 316.4745972655805,
      "total_ms_median": 305.085,
      "total_ms_p95": 417.2898,
      "total_pairs": 8777
    },
    "sd300c": {
      "accepted_count": 3926,
      "accepted_percentage": 44.72035539355279,
      "candidate_matches_mean": 12.604282947943958,
      "candidate_matches_median": 6.0,
      "compare_ms_mean": 22.15024977787903,
      "compare_ms_median": 20.9296,
      "compare_ms_p95": 31.3017,
      "dataset": "sd300c",
      "failure_count": 0,
      "failure_counts_by_stage": {},
      "geometric_inliers_mean": 5.458594372935414,
      "geometric_inliers_median": 3.0,
      "geometric_model_failure_count": 2169,
      "keypoints_a_mean": 2850.0369062535597,
      "keypoints_a_median": 3000.0,
      "keypoints_b_mean": 2994.111288301629,
      "keypoints_b_median": 3000.0,
      "method_compare_ms_mean": 22.140477036108894,
      "method_compare_ms_median": 20.9113,
      "method_compare_ms_p95": 31.2939,
      "prepare_a_ms_mean": 285.99108919011275,
      "prepare_a_ms_median": 236.0981,
      "prepare_a_ms_p95": 567.6712,
      "prepare_b_ms_mean": 837.0438702016176,
      "prepare_b_ms_median": 826.7557,
      "prepare_b_ms_p95": 1043.6172,
      "raw_score_max": 105.0,
      "raw_score_mean": 5.458594372935414,
      "raw_score_median": 3.0,
      "raw_score_min": 0.0,
      "rejected_count": 4853,
      "rejected_percentage": 55.27964460644721,
      "status_ok": 8779,
      "threshold": 4.0,
      "total_ms_mean": 1145.3367052169951,
      "total_ms_median": 1089.2155,
      "total_ms_p95": 1515.4889,
      "total_pairs": 8779
    }
  },
  "schema_version": "sift-derived-decision-summary-v1"
}
