dataset,threshold,total_pairs,status_ok,failures,genuine_accepts,false_non_matches,score_zero,positive_below_threshold,accept_percentage,reject_percentage,mean_score,median_score,mean_method_compare_ms,median_method_compare_ms,p95_method_compare_ms,mean_total_ms,median_total_ms,p95_total_ms
sd300b,40.0,8593,8593,0,5784,2809,589,2220,67.31060165250786,32.689398347492144,83.62184787696737,72.29450902943064,4.1330633422553245,2.9698,10.9223,259.6023775514954,250.5519,384.5075
sd300c,40.0,8614,8614,0,5705,2909,615,2294,66.22939400975157,33.770605990248434,81.56622954878904,70.32033151172428,3.971587090782447,2.92205,10.1154,513.3569074413746,492.41825,743.1545
