{
  "datasets": [
    {
      "accept_percentage": 67.31060165250786,
      "dataset": "sd300b",
      "failures": 0,
      "false_non_matches": 2809,
      "genuine_accepts": 5784,
      "mean_method_compare_ms": 4.1330633422553245,
      "mean_score": 83.62184787696737,
      "mean_total_ms": 259.6023775514954,
      "median_method_compare_ms": 2.9698,
      "median_score": 72.29450902943064,
      "median_total_ms": 250.5519,
      "p95_method_compare_ms": 10.9223,
      "p95_total_ms": 384.5075,
      "positive_below_threshold": 2220,
      "reject_percentage": 32.689398347492144,
      "score_zero": 589,
      "status_ok": 8593,
      "threshold": 40.0,
      "total_pairs": 8593
    },
    {
      "accept_percentage": 66.22939400975157,
      "dataset": "sd300c",
      "failures": 0,
      "false_non_matches": 2909,
      "genuine_accepts": 5705,
      "mean_method_compare_ms": 3.971587090782447,
      "mean_score": 81.56622954878904,
      "mean_total_ms": 513.3569074413746,
      "median_method_compare_ms": 2.92205,
      "median_score": 70.32033151172428,
      "median_total_ms": 492.41825,
      "p95_method_compare_ms": 10.1154,
      "p95_total_ms": 743.1545,
      "positive_below_threshold": 2294,
      "reject_percentage": 33.770605990248434,
      "score_zero": 615,
      "status_ok": 8614,
      "threshold": 40.0,
      "total_pairs": 8614
    }
  ],
  "schema_version": "derived-sourceafis-decision-summary-v1",
  "threshold": 40.0
}
